Category,Titles,Duration,Episodes,Links
Vue.js,SVGs with Vite and Vue, 9 mins, 1 episode,https://codecourse.com/courses/svgs-with-vite-and-vue
Vue.js,Debounce Input in Vue 3, 7 mins, 1 episode,https://codecourse.com/courses/debounce-input-in-vue-3
Vue.js,Laravel Sanctum Authentication with the Vue Composition API, 53 mins, 11 episodes,https://codecourse.com/courses/laravel-sanctum-authentication-with-the-vue-composition-api
Vue.js,Vue Script Setup for Single File Components, 40 mins, 10 episodes,https://codecourse.com/courses/vue-script-setup-for-single-file-components
Vue.js,Build a Blog with Laravel and Vue,3 hrs 8 mins, 31 episodes,https://codecourse.com/courses/build-a-blog-with-laravel-and-vue
Vue.js,Build a Quote Collector App in Laravel and Vue (with Vite), 54 mins, 13 episodes,https://codecourse.com/courses/build-a-quote-collector-app-in-laravel-and-vue-with-vite
Vue.js,Vue Middleware Pipelines, 30 mins, 5 episodes,https://codecourse.com/courses/create-vue-middleware-pipelines
Vue.js,Build a File Sharing SaaS App,6 hrs 47 mins, 68 episodes,https://codecourse.com/courses/build-a-file-sharing-saas-app
Vue.js,Build a Snackbar with Vue, 18 mins, 1 episode,https://codecourse.com/courses/build-a-snackbar-with-vue
Vue.js,Laravel Websockets with Vue, 12 mins, 1 episode,https://codecourse.com/courses/laravel-websockets-with-vue
Vue.js,Infinite Scroll with Vue, 21 mins, 1 episode,https://codecourse.com/courses/infinite-scroll-with-vue
Vue.js,Build a Vue Dropdown Menu, 42 mins, 13 episodes,https://codecourse.com/courses/build-a-vue-dropdown-menu
Vue.js,The Vue 3 Composition API,2 hrs 1 min, 17 episodes,https://codecourse.com/courses/the-vue-3-composition-api
Vue.js,New in Vue 3,1 hr 4 mins, 6 episodes,https://codecourse.com/courses/new-in-vue-3
Vue.js,Build a Twitter Clone,10 hrs 57 mins, 88 episodes,https://codecourse.com/courses/build-a-twitter-clone
Vue.js,Laravel Sanctum (Airlock) with Vue,1 hr 3 mins, 9 episodes,https://codecourse.com/courses/laravel-airlock-with-vue
Vue.js,Autosizing Textarea with Vue, 13 mins, 1 episode,https://codecourse.com/courses/autosizing-textarea-with-vue
Vue.js,Vue Multiple File Drag & Drop Uploader,1 hr 47 mins, 19 episodes,https://codecourse.com/courses/vue-multiple-file-drag-and-drop-uploader
Vue.js,Vue Two-Factor Authentication, 50 mins, 11 episodes,https://codecourse.com/courses/vue-two-factor-authentication
Vue.js,Vue Authentication,1 hr 22 mins, 12 episodes,https://codecourse.com/courses/vue-authentication
Vue.js,Vue InstantSearch in Nuxt, 38 mins, 9 episodes,https://codecourse.com/courses/vue-instantsearch-in-nuxt
Vue.js,Vue Roles and Permissions, 46 mins, 8 episodes,https://codecourse.com/courses/vue-roles-and-permissions
Vue.js,Super Fast Data Nesting, 51 mins, 9 episodes,https://codecourse.com/courses/super-fast-data-nesting
Vue.js,Vue.js + Firebase Authentication, 49 mins, 9 episodes,https://codecourse.com/courses/vue-js-firebase-authentication
Vue.js,Inline Vue Validation in Under 10 Minutes, 11 mins, 1 episode,https://codecourse.com/courses/inline-vue-validation-in-under-10-minutes
Vue.js,Testing Vue,2 hrs 41 mins, 24 episodes,https://codecourse.com/courses/testing-vue
Vue.js,Dynamic Vue Components, 12 mins, 1 episode,https://codecourse.com/courses/dynamic-vue-components
Vue.js,Infinite Scrolling Search with Vue + Algolia, 32 mins, 7 episodes,https://codecourse.com/courses/infinite-scrolling-search-with-vue-and-algolia
Vue.js,Using .env files with Nuxt, 5 mins, 1 episode,https://codecourse.com/courses/using-env-files-with-nuxt
Vue.js,Build an e-commerce platform,14 hrs 16 mins, 126 episodes,https://codecourse.com/courses/build-an-e-commerce-platform
Vue.js,Practical Vue Components,2 hrs 1 min, 30 episodes,https://codecourse.com/courses/practical-vue-components
Vue.js,Vue Stash, 17 mins, 7 episodes,https://codecourse.com/courses/vue-stash
Vue.js,Reusable Laravel comments,2 hrs 23 mins, 27 episodes,https://codecourse.com/courses/reusable-laravel-comments
Vue.js,Globally registering Vue components, 5 mins, 1 episode,https://codecourse.com/courses/globally-registering-vue-components
Vue.js,Vue Style Guide, 39 mins, 13 episodes,https://codecourse.com/courses/vue-style-guide
Vue.js,Nuxt.js Quickstart, 46 mins, 14 episodes,https://codecourse.com/courses/nuxt-js-quickstart
Vue.js,Build a multi-user video chat app,1 hr 24 mins, 13 episodes,https://codecourse.com/courses/build-a-multi-user-video-chat-app
Vue.js,Learn Vue.js Server-Side Rendering,1 hr 58 mins, 15 episodes,https://codecourse.com/courses/learn-vue-js-server-side-rendering
Vue.js,Building a Vue project with Webpack, 48 mins, 15 episodes,https://codecourse.com/courses/building-a-vue-project-with-webpack
Vue.js,Better Vue pagination,1 hr 2 mins, 12 episodes,https://codecourse.com/courses/better-vue-pagination
Vue.js,Laravel DataTables,2 hrs 22 mins, 18 episodes,https://codecourse.com/courses/laravel-datatables
Vue.js,Filtering in Laravel: Vue.js,1 hr 12 mins, 11 episodes,https://codecourse.com/courses/filtering-in-laravel-vue-js
Vue.js,Realtime PHP with Ratchet,1 hr 42 mins, 13 episodes,https://codecourse.com/courses/realtime-php-with-ratchet
Vue.js,Routing with Vue.js,2 hrs 31 mins, 24 episodes,https://codecourse.com/courses/routing-with-vue-js
Vue.js,Learn Vue.js by example,2 hrs 19 mins, 27 episodes,https://codecourse.com/courses/learn-vue-js-by-example
Vue.js,Vue.js components,1 hr 38 mins, 15 episodes,https://codecourse.com/courses/vue-js-components
Vue.js,Learn Vue.js,2 hrs 46 mins, 25 episodes,https://codecourse.com/courses/learn-vue-js
Vue.js,Build a Distraction Dashboard,1 hr 41 mins, 16 episodes,https://codecourse.com/courses/build-a-distraction-dashboard
Vue.js,Laravel Chatroom,2 hrs 32 mins, 22 episodes,https://codecourse.com/courses/laravel-chatroom
Vue.js,Unit testing Vuex,1 hr 29 mins, 11 episodes,https://codecourse.com/courses/unit-testing-vuex
Vue.js,Build a URL shortener,4 hrs 19 mins, 30 episodes,https://codecourse.com/courses/build-a-url-shortener
Vue.js,Learn Vuex,1 hr 41 mins, 16 episodes,https://codecourse.com/courses/learn-vuex
Vue.js,Build a Podcast App,5 hrs 7 mins, 35 episodes,https://codecourse.com/courses/build-a-podcast-site
Vue.js,Vue/Vuex Single Page App Boilerplate,2 hrs 31 mins, 18 episodes,https://codecourse.com/courses/vue-laravel-spa
Vue.js,Build a notes app with Vuex,1 hr 57 mins, 12 episodes,https://codecourse.com/courses/vuex-notes-app
Vue.js,Drag and drop sorting with Laravel, 49 mins, 6 episodes,https://codecourse.com/courses/laravel-drag-and-drop-sorting
Vue.js,Laravel real-time private messages,4 hrs 27 mins, 29 episodes,https://codecourse.com/courses/laravel-private-messages-dashboard
Vue.js,Dropdown Autocomplete Search Anything,1 hr 6 mins, 12 episodes,https://codecourse.com/courses/dropdown-autocomplete-search-anything
Vue.js,Paginated Vue Components with Laravel, 44 mins, 8 episodes,https://codecourse.com/courses/paginated-vue-components-with-laravel
Vue.js,Multiple File Drag & Drop Uploader,1 hr 53 mins, 14 episodes,https://codecourse.com/courses/multiple-file-drag-and-drop-uploader
Vue.js,The Liker Project,2 hrs 6 mins, 13 episodes,https://codecourse.com/courses/the-liker-project-laravel-echo
Vue.js,Filters in Vue.js 2.0, 6 mins, 1 episode,https://codecourse.com/courses/filters-in-vue-2
Vue.js,ASCII Camera Project, 56 mins, 5 episodes,https://codecourse.com/courses/ascii-camera-project
Vue.js,Single-page Forum App: Frontend,2 hrs 14 mins, 18 episodes,https://codecourse.com/courses/single-page-forum-app-vue-js
